WorkshopRequestId,Fullname,SaloonName,Time,Date
1,Don Tan,Saloon 1,10:00-12:00,11/6/2024 0:00
2,Don Tan,Saloon 1,10:00-12:00,11/6/2024 0:00
3,Don Tan,Saloon 1,10:00-12:00,11/6/2024 0:00
10,Don Tan,Saloon 1,10:00-12:00,12/6/2024 0:00
12,Don Tan,Saloon 1,10:00-12:00,12/6/2024 0:00
13,Don Tan,Saloon 1,10:00-12:00,12/6/2024 0:00
16,Don Tan,Saloon 1,10:00-12:00,13/6/2024 0:00
22,Don Tan,Saloon 1,12:00-14:00,28/6/2024 0:00
18,Don Tan,Saloon 1,14:00-16:00,14/6/2024 0:00
19,Don Tan,Saloon 1,14:00-16:00,14/6/2024 0:00
9,Don Tan,Saloon 3,14:00-16:00,12/5/2024 0:00
